Scan_ID,True_Label,Model_Status,Predicted_Class,Prediction_Set_Size,True_Label_In_Prediction_Set,Is_False_Negative,Heatmap_Path,P_Benign,P_Malignant
SCAN_0000,1,DEFERRED,UNCERTAIN,2,True,False,human_review_queue\deferral_SCAN_0000.png,0.6383945941925049,0.3616054058074951
SCAN_0001,0,DEFERRED,UNCERTAIN,2,True,False,human_review_queue\deferral_SCAN_0001.png,0.7476804256439209,0.2523196041584015
SCAN_0002,1,DEFERRED,UNCERTAIN,2,True,False,human_review_queue\deferral_SCAN_0002.png,0.3720535337924957,0.6279464364051819
SCAN_0003,0,DEFERRED,UNCERTAIN,2,True,False,human_review_queue\deferral_SCAN_0003.png,0.7496079802513123,0.25039204955101013
SCAN_0004,1,DEFERRED,UNCERTAIN,2,True,False,human_review_queue\deferral_SCAN_0004.png,0.2850031554698944,0.714996874332428
SCAN_0005,0,DEFERRED,UNCERTAIN,2,True,False,human_review_queue\deferral_SCAN_0005.png,0.29181188344955444,0.7081880569458008
SCAN_0006,1,DEFERRED,UNCERTAIN,2,True,False,human_review_queue\deferral_SCAN_0006.png,0.5222743153572083,0.47772568464279175
SCAN_0007,1,DEFERRED,UNCERTAIN,2,True,False,human_review_queue\deferral_SCAN_0007.png,0.3168696463108063,0.6831303238868713
SCAN_0008,1,DEFERRED,UNCERTAIN,2,True,False,human_review_queue\deferral_SCAN_0008.png,0.5788798332214355,0.42112019658088684
SCAN_0009,1,DEFERRED,UNCERTAIN,2,True,False,human_review_queue\deferral_SCAN_0009.png,0.46405652165412903,0.5359435081481934
SCAN_0010,0,DEFERRED,UNCERTAIN,2,True,False,human_review_queue\deferral_SCAN_0010.png,0.3167099356651306,0.6832900643348694
SCAN_0011,1,DEFERRED,UNCERTAIN,2,True,False,human_review_queue\deferral_SCAN_0011.png,0.5054966807365417,0.49450331926345825
SCAN_0012,0,DEFERRED,UNCERTAIN,2,True,False,human_review_queue\deferral_SCAN_0012.png,0.6838236451148987,0.31617632508277893
SCAN_0013,1,DEFERRED,UNCERTAIN,2,True,False,human_review_queue\deferral_SCAN_0013.png,0.45329800248146057,0.5467020273208618
SCAN_0014,0,DEFERRED,UNCERTAIN,2,True,False,human_review_queue\deferral_SCAN_0014.png,0.6668766736984253,0.33312326669692993
SCAN_0015,0,AUTOMATED_PASS,0,1,True,False,automated_pass_audit\pass_SCAN_0015_pred0.png,0.9186384677886963,0.08136147260665894
SCAN_0016,0,AUTOMATED_PASS,0,1,True,False,automated_pass_audit\pass_SCAN_0016_pred0.png,0.846652626991272,0.15334740281105042
SCAN_0017,0,DEFERRED,UNCERTAIN,2,True,False,human_review_queue\deferral_SCAN_0017.png,0.49518367648124695,0.5048162937164307
SCAN_0018,1,DEFERRED,UNCERTAIN,2,True,False,human_review_queue\deferral_SCAN_0018.png,0.5282568335533142,0.4717431664466858
SCAN_0019,1,AUTOMATED_PASS,1,1,True,False,automated_pass_audit\pass_SCAN_0019_pred1.png,0.23240046203136444,0.7675995230674744
SCAN_0020,0,DEFERRED,UNCERTAIN,2,True,False,human_review_queue\deferral_SCAN_0020.png,0.6097486615180969,0.3902513384819031
SCAN_0021,0,DEFERRED,UNCERTAIN,2,True,False,human_review_queue\deferral_SCAN_0021.png,0.5653769373893738,0.4346230626106262
SCAN_0022,0,DEFERRED,UNCERTAIN,2,True,False,human_review_queue\deferral_SCAN_0022.png,0.7285810112953186,0.271418958902359
SCAN_0023,1,AUTOMATED_PASS,1,1,True,False,automated_pass_audit\pass_SCAN_0023_pred1.png,0.19296903908252716,0.8070310354232788
SCAN_0024,1,DEFERRED,UNCERTAIN,2,True,False,human_review_queue\deferral_SCAN_0024.png,0.41329047083854675,0.5867095589637756
SCAN_0025,0,DEFERRED,UNCERTAIN,2,True,False,human_review_queue\deferral_SCAN_0025.png,0.6259422302246094,0.3740577697753906
SCAN_0026,1,DEFERRED,UNCERTAIN,2,True,False,human_review_queue\deferral_SCAN_0026.png,0.7030218243598938,0.2969781756401062
SCAN_0027,0,DEFERRED,UNCERTAIN,2,True,False,human_review_queue\deferral_SCAN_0027.png,0.6439239978790283,0.35607603192329407
SCAN_0028,1,DEFERRED,UNCERTAIN,2,True,False,human_review_queue\deferral_SCAN_0028.png,0.39667296409606934,0.6033269762992859
SCAN_0029,0,DEFERRED,UNCERTAIN,2,True,False,human_review_queue\deferral_SCAN_0029.png,0.5673258304595947,0.43267419934272766
SCAN_0030,1,DEFERRED,UNCERTAIN,2,True,False,human_review_queue\deferral_SCAN_0030.png,0.5791348218917847,0.4208652079105377
SCAN_0031,0,DEFERRED,UNCERTAIN,2,True,False,human_review_queue\deferral_SCAN_0031.png,0.8296884894371033,0.17031149566173553
SCAN_0032,0,DEFERRED,UNCERTAIN,2,True,False,human_review_queue\deferral_SCAN_0032.png,0.7785411477088928,0.22145889699459076
SCAN_0033,0,DEFERRED,UNCERTAIN,2,True,False,human_review_queue\deferral_SCAN_0033.png,0.3215141296386719,0.6784858703613281
SCAN_0034,1,DEFERRED,UNCERTAIN,2,True,False,human_review_queue\deferral_SCAN_0034.png,0.5125086903572083,0.48749133944511414
SCAN_0035,0,DEFERRED,UNCERTAIN,2,True,False,human_review_queue\deferral_SCAN_0035.png,0.5131998062133789,0.4868001639842987
SCAN_0036,0,DEFERRED,UNCERTAIN,2,True,False,human_review_queue\deferral_SCAN_0036.png,0.2783670425415039,0.7216329574584961
SCAN_0037,1,DEFERRED,UNCERTAIN,2,True,False,human_review_queue\deferral_SCAN_0037.png,0.47903117537498474,0.5209688544273376
SCAN_0038,0,DEFERRED,UNCERTAIN,2,True,False,human_review_queue\deferral_SCAN_0038.png,0.4780251085758209,0.5219749212265015
SCAN_0039,0,AUTOMATED_PASS,1,1,False,False,automated_pass_audit\pass_SCAN_0039_pred1.png,0.25873279571533203,0.741267204284668
SCAN_0040,1,DEFERRED,UNCERTAIN,2,True,False,human_review_queue\deferral_SCAN_0040.png,0.290014386177063,0.709985613822937
SCAN_0041,1,DEFERRED,UNCERTAIN,2,True,False,human_review_queue\deferral_SCAN_0041.png,0.7225246429443359,0.2774753272533417
SCAN_0042,0,DEFERRED,UNCERTAIN,2,True,False,human_review_queue\deferral_SCAN_0042.png,0.7301605939865112,0.26983940601348877
SCAN_0043,1,AUTOMATED_PASS,1,1,True,False,automated_pass_audit\pass_SCAN_0043_pred1.png,0.1546337753534317,0.8453662395477295
SCAN_0044,0,AUTOMATED_PASS,0,1,True,False,automated_pass_audit\pass_SCAN_0044_pred0.png,0.868550181388855,0.13144977390766144
SCAN_0045,0,AUTOMATED_PASS,0,1,True,False,automated_pass_audit\pass_SCAN_0045_pred0.png,0.8434662818908691,0.15653368830680847
SCAN_0046,0,DEFERRED,UNCERTAIN,2,True,False,human_review_queue\deferral_SCAN_0046.png,0.803130567073822,0.19686941802501678
SCAN_0047,0,DEFERRED,UNCERTAIN,2,True,False,human_review_queue\deferral_SCAN_0047.png,0.48505640029907227,0.5149436593055725
SCAN_0048,0,DEFERRED,UNCERTAIN,2,True,False,human_review_queue\deferral_SCAN_0048.png,0.7276274561882019,0.2723725438117981
SCAN_0049,1,DEFERRED,UNCERTAIN,2,True,False,human_review_queue\deferral_SCAN_0049.png,0.313707560300827,0.6862924695014954
SCAN_0050,0,AUTOMATED_PASS,1,1,False,False,automated_pass_audit\pass_SCAN_0050_pred1.png,0.26912400126457214,0.7308759689331055
SCAN_0051,0,DEFERRED,UNCERTAIN,2,True,False,human_review_queue\deferral_SCAN_0051.png,0.7614331245422363,0.23856689035892487
SCAN_0052,1,DEFERRED,UNCERTAIN,2,True,False,human_review_queue\deferral_SCAN_0052.png,0.30513089895248413,0.6948690414428711
SCAN_0053,1,DEFERRED,UNCERTAIN,2,True,False,human_review_queue\deferral_SCAN_0053.png,0.5761166214942932,0.4238834083080292
SCAN_0054,1,DEFERRED,UNCERTAIN,2,True,False,human_review_queue\deferral_SCAN_0054.png,0.4353029727935791,0.5646970272064209
SCAN_0055,0,DEFERRED,UNCERTAIN,2,True,False,human_review_queue\deferral_SCAN_0055.png,0.7686390280723572,0.2313610017299652
SCAN_0056,0,DEFERRED,UNCERTAIN,2,True,False,human_review_queue\deferral_SCAN_0056.png,0.3297376036643982,0.6702623963356018
SCAN_0057,1,DEFERRED,UNCERTAIN,2,True,False,human_review_queue\deferral_SCAN_0057.png,0.2884507477283478,0.7115492820739746
SCAN_0058,0,DEFERRED,UNCERTAIN,2,True,False,human_review_queue\deferral_SCAN_0058.png,0.7305884957313538,0.26941150426864624
SCAN_0059,0,DEFERRED,UNCERTAIN,2,True,False,human_review_queue\deferral_SCAN_0059.png,0.45799556374549866,0.542004406452179
SCAN_0060,1,AUTOMATED_PASS,1,1,True,False,automated_pass_audit\pass_SCAN_0060_pred1.png,0.2520357370376587,0.7479642629623413
SCAN_0061,0,DEFERRED,UNCERTAIN,2,True,False,human_review_queue\deferral_SCAN_0061.png,0.8006908893585205,0.1993090808391571
SCAN_0062,1,DEFERRED,UNCERTAIN,2,True,False,human_review_queue\deferral_SCAN_0062.png,0.5609453320503235,0.4390546679496765
SCAN_0063,0,DEFERRED,UNCERTAIN,2,True,False,human_review_queue\deferral_SCAN_0063.png,0.46088406443595886,0.5391159653663635
SCAN_0064,1,AUTOMATED_PASS,1,1,True,False,automated_pass_audit\pass_SCAN_0064_pred1.png,0.16850833594799042,0.8314917087554932
SCAN_0065,0,DEFERRED,UNCERTAIN,2,True,False,human_review_queue\deferral_SCAN_0065.png,0.5983192920684814,0.40168067812919617
SCAN_0066,1,DEFERRED,UNCERTAIN,2,True,False,human_review_queue\deferral_SCAN_0066.png,0.44410568475723267,0.5558943152427673
SCAN_0067,0,DEFERRED,UNCERTAIN,2,True,False,human_review_queue\deferral_SCAN_0067.png,0.5843266248703003,0.4156734049320221
SCAN_0068,1,DEFERRED,UNCERTAIN,2,True,False,human_review_queue\deferral_SCAN_0068.png,0.7205179333686829,0.27948200702667236
SCAN_0069,1,DEFERRED,UNCERTAIN,2,True,False,human_review_queue\deferral_SCAN_0069.png,0.4340691566467285,0.5659308433532715
SCAN_0070,1,DEFERRED,UNCERTAIN,2,True,False,human_review_queue\deferral_SCAN_0070.png,0.3662034869194031,0.6337964534759521
SCAN_0071,1,DEFERRED,UNCERTAIN,2,True,False,human_review_queue\deferral_SCAN_0071.png,0.4647068381309509,0.5352931618690491
SCAN_0072,1,DEFERRED,UNCERTAIN,2,True,False,human_review_queue\deferral_SCAN_0072.png,0.3498861491680145,0.6501138806343079
SCAN_0073,1,DEFERRED,UNCERTAIN,2,True,False,human_review_queue\deferral_SCAN_0073.png,0.2989652156829834,0.7010347843170166
SCAN_0074,1,DEFERRED,UNCERTAIN,2,True,False,human_review_queue\deferral_SCAN_0074.png,0.4656967222690582,0.5343033075332642
SCAN_0075,0,AUTOMATED_PASS,1,1,False,False,automated_pass_audit\pass_SCAN_0075_pred1.png,0.21261265873908997,0.7873873114585876
SCAN_0076,0,DEFERRED,UNCERTAIN,2,True,False,human_review_queue\deferral_SCAN_0076.png,0.443712055683136,0.556287944316864
SCAN_0077,1,DEFERRED,UNCERTAIN,2,True,False,human_review_queue\deferral_SCAN_0077.png,0.6340252757072449,0.36597469449043274
SCAN_0078,0,AUTOMATED_PASS,0,1,True,False,automated_pass_audit\pass_SCAN_0078_pred0.png,0.8383346796035767,0.16166538000106812
SCAN_0079,0,AUTOMATED_PASS,0,1,True,False,automated_pass_audit\pass_SCAN_0079_pred0.png,0.8877463340759277,0.11225362122058868
SCAN_0080,0,DEFERRED,UNCERTAIN,2,True,False,human_review_queue\deferral_SCAN_0080.png,0.3860244154930115,0.6139755845069885
SCAN_0081,1,AUTOMATED_PASS,1,1,True,False,automated_pass_audit\pass_SCAN_0081_pred1.png,0.22976639866828918,0.7702336311340332
SCAN_0082,1,DEFERRED,UNCERTAIN,2,True,False,human_review_queue\deferral_SCAN_0082.png,0.30822232365608215,0.6917776465415955
SCAN_0083,0,DEFERRED,UNCERTAIN,2,True,False,human_review_queue\deferral_SCAN_0083.png,0.504956841468811,0.49504315853118896
SCAN_0084,1,DEFERRED,UNCERTAIN,2,True,False,human_review_queue\deferral_SCAN_0084.png,0.36255988478660583,0.6374401450157166
SCAN_0085,0,DEFERRED,UNCERTAIN,2,True,False,human_review_queue\deferral_SCAN_0085.png,0.5316855907440186,0.46831434965133667
SCAN_0086,1,DEFERRED,UNCERTAIN,2,True,False,human_review_queue\deferral_SCAN_0086.png,0.5223174095153809,0.47768256068229675
SCAN_0087,0,DEFERRED,UNCERTAIN,2,True,False,human_review_queue\deferral_SCAN_0087.png,0.332786500453949,0.667213499546051
SCAN_0088,0,DEFERRED,UNCERTAIN,2,True,False,human_review_queue\deferral_SCAN_0088.png,0.7950357794761658,0.20496422052383423
SCAN_0089,0,DEFERRED,UNCERTAIN,2,True,False,human_review_queue\deferral_SCAN_0089.png,0.3693394958972931,0.6306604743003845
SCAN_0090,0,DEFERRED,UNCERTAIN,2,True,False,human_review_queue\deferral_SCAN_0090.png,0.7995213270187378,0.2004787176847458
SCAN_0091,0,DEFERRED,UNCERTAIN,2,True,False,human_review_queue\deferral_SCAN_0091.png,0.8023972511291504,0.1976027637720108
SCAN_0092,0,DEFERRED,UNCERTAIN,2,True,False,human_review_queue\deferral_SCAN_0092.png,0.578449547290802,0.4215504229068756
SCAN_0093,0,DEFERRED,UNCERTAIN,2,True,False,human_review_queue\deferral_SCAN_0093.png,0.6969669461250305,0.3030330240726471
SCAN_0094,0,DEFERRED,UNCERTAIN,2,True,False,human_review_queue\deferral_SCAN_0094.png,0.3542649745941162,0.6457350254058838
SCAN_0095,0,DEFERRED,UNCERTAIN,2,True,False,human_review_queue\deferral_SCAN_0095.png,0.5084308385848999,0.4915691614151001
SCAN_0096,0,AUTOMATED_PASS,0,1,True,False,automated_pass_audit\pass_SCAN_0096_pred0.png,0.8649659752845764,0.1350339651107788
SCAN_0097,0,DEFERRED,UNCERTAIN,2,True,False,human_review_queue\deferral_SCAN_0097.png,0.6247900128364563,0.3752099871635437
SCAN_0098,0,DEFERRED,UNCERTAIN,2,True,False,human_review_queue\deferral_SCAN_0098.png,0.7393478155136108,0.2606521546840668
SCAN_0099,1,DEFERRED,UNCERTAIN,2,True,False,human_review_queue\deferral_SCAN_0099.png,0.5358449220657349,0.4641551077365875
SCAN_0100,0,DEFERRED,UNCERTAIN,2,True,False,human_review_queue\deferral_SCAN_0100.png,0.7725541591644287,0.2274457961320877
SCAN_0101,0,DEFERRED,UNCERTAIN,2,True,False,human_review_queue\deferral_SCAN_0101.png,0.7953616976737976,0.20463837683200836
SCAN_0102,1,DEFERRED,UNCERTAIN,2,True,False,human_review_queue\deferral_SCAN_0102.png,0.41048160195350647,0.5895183682441711
SCAN_0103,0,DEFERRED,UNCERTAIN,2,True,False,human_review_queue\deferral_SCAN_0103.png,0.5461283326148987,0.45387160778045654
SCAN_0104,1,DEFERRED,UNCERTAIN,2,True,False,human_review_queue\deferral_SCAN_0104.png,0.5305534601211548,0.4694465696811676
SCAN_0105,0,AUTOMATED_PASS,0,1,True,False,automated_pass_audit\pass_SCAN_0105_pred0.png,0.9150607585906982,0.08493924885988235
SCAN_0106,1,DEFERRED,UNCERTAIN,2,True,False,human_review_queue\deferral_SCAN_0106.png,0.35377204418182373,0.646228015422821
SCAN_0107,1,AUTOMATED_PASS,1,1,True,False,automated_pass_audit\pass_SCAN_0107_pred1.png,0.14080393314361572,0.8591960668563843
SCAN_0108,0,DEFERRED,UNCERTAIN,2,True,False,human_review_queue\deferral_SCAN_0108.png,0.3547022044658661,0.6452977657318115
SCAN_0109,0,DEFERRED,UNCERTAIN,2,True,False,human_review_queue\deferral_SCAN_0109.png,0.30471301078796387,0.6952870488166809
SCAN_0110,1,DEFERRED,UNCERTAIN,2,True,False,human_review_queue\deferral_SCAN_0110.png,0.6716920733451843,0.32830795645713806
SCAN_0111,0,DEFERRED,UNCERTAIN,2,True,False,human_review_queue\deferral_SCAN_0111.png,0.8056625127792358,0.19433753192424774
SCAN_0112,0,DEFERRED,UNCERTAIN,2,True,False,human_review_queue\deferral_SCAN_0112.png,0.38852575421333313,0.6114742755889893
SCAN_0113,0,DEFERRED,UNCERTAIN,2,True,False,human_review_queue\deferral_SCAN_0113.png,0.4345930516719818,0.5654069185256958
SCAN_0114,1,DEFERRED,UNCERTAIN,2,True,False,human_review_queue\deferral_SCAN_0114.png,0.6246461272239685,0.3753539025783539
SCAN_0115,1,DEFERRED,UNCERTAIN,2,True,False,human_review_queue\deferral_SCAN_0115.png,0.3533473312854767,0.6466526389122009
SCAN_0116,0,DEFERRED,UNCERTAIN,2,True,False,human_review_queue\deferral_SCAN_0116.png,0.4919314980506897,0.5080685019493103
SCAN_0117,1,DEFERRED,UNCERTAIN,2,True,False,human_review_queue\deferral_SCAN_0117.png,0.8150567412376404,0.18494325876235962
SCAN_0118,0,DEFERRED,UNCERTAIN,2,True,False,human_review_queue\deferral_SCAN_0118.png,0.6781389117240906,0.32186105847358704
SCAN_0119,1,DEFERRED,UNCERTAIN,2,True,False,human_review_queue\deferral_SCAN_0119.png,0.3406393826007843,0.6593606472015381
SCAN_0120,1,DEFERRED,UNCERTAIN,2,True,False,human_review_queue\deferral_SCAN_0120.png,0.4778277277946472,0.5221722722053528
SCAN_0121,1,DEFERRED,UNCERTAIN,2,True,False,human_review_queue\deferral_SCAN_0121.png,0.7155146598815918,0.2844853103160858
SCAN_0122,0,DEFERRED,UNCERTAIN,2,True,False,human_review_queue\deferral_SCAN_0122.png,0.7109805941581726,0.28901946544647217
SCAN_0123,0,AUTOMATED_PASS,1,1,False,False,automated_pass_audit\pass_SCAN_0123_pred1.png,0.26246392726898193,0.7375360727310181
SCAN_0124,0,DEFERRED,UNCERTAIN,2,True,False,human_review_queue\deferral_SCAN_0124.png,0.6499890685081482,0.3500109016895294
SCAN_0125,1,DEFERRED,UNCERTAIN,2,True,False,human_review_queue\deferral_SCAN_0125.png,0.7051647901535034,0.2948352098464966
SCAN_0126,0,DEFERRED,UNCERTAIN,2,True,False,human_review_queue\deferral_SCAN_0126.png,0.3555386960506439,0.6444613337516785
SCAN_0127,1,AUTOMATED_PASS,1,1,True,False,automated_pass_audit\pass_SCAN_0127_pred1.png,0.09137972444295883,0.908620297908783
SCAN_0128,0,DEFERRED,UNCERTAIN,2,True,False,human_review_queue\deferral_SCAN_0128.png,0.4919168949127197,0.5080830454826355
SCAN_0129,0,DEFERRED,UNCERTAIN,2,True,False,human_review_queue\deferral_SCAN_0129.png,0.34636008739471436,0.6536399126052856
SCAN_0130,0,DEFERRED,UNCERTAIN,2,True,False,human_review_queue\deferral_SCAN_0130.png,0.365625262260437,0.6343746781349182
SCAN_0131,0,DEFERRED,UNCERTAIN,2,True,False,human_review_queue\deferral_SCAN_0131.png,0.5156303644180298,0.4843696653842926
SCAN_0132,1,AUTOMATED_PASS,1,1,True,False,automated_pass_audit\pass_SCAN_0132_pred1.png,0.1662198156118393,0.8337801694869995
SCAN_0133,0,DEFERRED,UNCERTAIN,2,True,False,human_review_queue\deferral_SCAN_0133.png,0.7985926270484924,0.201407328248024
SCAN_0134,1,DEFERRED,UNCERTAIN,2,True,False,human_review_queue\deferral_SCAN_0134.png,0.49078303575515747,0.5092169642448425
SCAN_0135,0,DEFERRED,UNCERTAIN,2,True,False,human_review_queue\deferral_SCAN_0135.png,0.42151162028312683,0.5784884095191956
SCAN_0136,1,DEFERRED,UNCERTAIN,2,True,False,human_review_queue\deferral_SCAN_0136.png,0.33179306983947754,0.6682069301605225
SCAN_0137,1,DEFERRED,UNCERTAIN,2,True,False,human_review_queue\deferral_SCAN_0137.png,0.5726816654205322,0.4273183345794678
SCAN_0138,1,DEFERRED,UNCERTAIN,2,True,False,human_review_queue\deferral_SCAN_0138.png,0.2783359885215759,0.7216640114784241
SCAN_0139,0,DEFERRED,UNCERTAIN,2,True,False,human_review_queue\deferral_SCAN_0139.png,0.5693557262420654,0.43064427375793457
SCAN_0140,1,DEFERRED,UNCERTAIN,2,True,False,human_review_queue\deferral_SCAN_0140.png,0.4078781008720398,0.592121958732605
SCAN_0141,1,DEFERRED,UNCERTAIN,2,True,False,human_review_queue\deferral_SCAN_0141.png,0.41773560643196106,0.5822644233703613
SCAN_0142,0,AUTOMATED_PASS,0,1,True,False,automated_pass_audit\pass_SCAN_0142_pred0.png,0.8461447358131409,0.15385523438453674
SCAN_0143,0,DEFERRED,UNCERTAIN,2,True,False,human_review_queue\deferral_SCAN_0143.png,0.7987778782844543,0.20122210681438446
SCAN_0144,1,DEFERRED,UNCERTAIN,2,True,False,human_review_queue\deferral_SCAN_0144.png,0.4656525254249573,0.5343474745750427
SCAN_0145,1,DEFERRED,UNCERTAIN,2,True,False,human_review_queue\deferral_SCAN_0145.png,0.4593968093395233,0.5406032204627991
SCAN_0146,0,DEFERRED,UNCERTAIN,2,True,False,human_review_queue\deferral_SCAN_0146.png,0.6439975500106812,0.35600247979164124
SCAN_0147,1,DEFERRED,UNCERTAIN,2,True,False,human_review_queue\deferral_SCAN_0147.png,0.44511452317237854,0.5548855066299438
SCAN_0148,0,DEFERRED,UNCERTAIN,2,True,False,human_review_queue\deferral_SCAN_0148.png,0.45790740847587585,0.5420925617218018
SCAN_0149,1,DEFERRED,UNCERTAIN,2,True,False,human_review_queue\deferral_SCAN_0149.png,0.6417184472084045,0.35828158259391785
SCAN_0150,0,DEFERRED,UNCERTAIN,2,True,False,human_review_queue\deferral_SCAN_0150.png,0.5706833600997925,0.4293166995048523
SCAN_0151,1,DEFERRED,UNCERTAIN,2,True,False,human_review_queue\deferral_SCAN_0151.png,0.32611146569252014,0.6738885641098022
SCAN_0152,1,DEFERRED,UNCERTAIN,2,True,False,human_review_queue\deferral_SCAN_0152.png,0.4085604250431061,0.5914395451545715
SCAN_0153,0,DEFERRED,UNCERTAIN,2,True,False,human_review_queue\deferral_SCAN_0153.png,0.6309226155281067,0.3690774142742157
SCAN_0154,0,DEFERRED,UNCERTAIN,2,True,False,human_review_queue\deferral_SCAN_0154.png,0.7012837529182434,0.2987162470817566
SCAN_0155,0,AUTOMATED_PASS,0,1,True,False,automated_pass_audit\pass_SCAN_0155_pred0.png,0.8703039884567261,0.12969596683979034
SCAN_0156,1,DEFERRED,UNCERTAIN,2,True,False,human_review_queue\deferral_SCAN_0156.png,0.5027086138725281,0.4972913861274719
SCAN_0157,0,DEFERRED,UNCERTAIN,2,True,False,human_review_queue\deferral_SCAN_0157.png,0.3840164840221405,0.6159835457801819
SCAN_0158,1,DEFERRED,UNCERTAIN,2,True,False,human_review_queue\deferral_SCAN_0158.png,0.7707128524780273,0.22928711771965027
SCAN_0159,0,DEFERRED,UNCERTAIN,2,True,False,human_review_queue\deferral_SCAN_0159.png,0.5510085821151733,0.44899141788482666
SCAN_0160,1,DEFERRED,UNCERTAIN,2,True,False,human_review_queue\deferral_SCAN_0160.png,0.4267714321613312,0.5732285380363464
SCAN_0161,0,DEFERRED,UNCERTAIN,2,True,False,human_review_queue\deferral_SCAN_0161.png,0.588912844657898,0.41108712553977966
SCAN_0162,1,DEFERRED,UNCERTAIN,2,True,False,human_review_queue\deferral_SCAN_0162.png,0.32466304302215576,0.6753369569778442
SCAN_0163,0,AUTOMATED_PASS,1,1,False,False,automated_pass_audit\pass_SCAN_0163_pred1.png,0.25053393840789795,0.749466061592102
SCAN_0164,1,DEFERRED,UNCERTAIN,2,True,False,human_review_queue\deferral_SCAN_0164.png,0.3222467005252838,0.6777532696723938
SCAN_0165,1,DEFERRED,UNCERTAIN,2,True,False,human_review_queue\deferral_SCAN_0165.png,0.33628514409065247,0.6637148261070251
SCAN_0166,0,AUTOMATED_PASS,1,1,False,False,automated_pass_audit\pass_SCAN_0166_pred1.png,0.2260092794895172,0.7739906907081604
SCAN_0167,1,DEFERRED,UNCERTAIN,2,True,False,human_review_queue\deferral_SCAN_0167.png,0.3561351001262665,0.6438648700714111
SCAN_0168,1,DEFERRED,UNCERTAIN,2,True,False,human_review_queue\deferral_SCAN_0168.png,0.7028360366821289,0.29716402292251587
SCAN_0169,0,AUTOMATED_PASS,0,1,True,False,automated_pass_audit\pass_SCAN_0169_pred0.png,0.9386348724365234,0.06136510148644447
SCAN_0170,1,DEFERRED,UNCERTAIN,2,True,False,human_review_queue\deferral_SCAN_0170.png,0.5792375206947327,0.42076244950294495
SCAN_0171,0,DEFERRED,UNCERTAIN,2,True,False,human_review_queue\deferral_SCAN_0171.png,0.45333132147789,0.5466687083244324
SCAN_0172,1,DEFERRED,UNCERTAIN,2,True,False,human_review_queue\deferral_SCAN_0172.png,0.3023586571216583,0.6976413130760193
SCAN_0173,1,DEFERRED,UNCERTAIN,2,True,False,human_review_queue\deferral_SCAN_0173.png,0.6119362711906433,0.3880637288093567
SCAN_0174,0,AUTOMATED_PASS,0,1,True,False,automated_pass_audit\pass_SCAN_0174_pred0.png,0.846544623374939,0.15345539152622223
SCAN_0175,0,DEFERRED,UNCERTAIN,2,True,False,human_review_queue\deferral_SCAN_0175.png,0.6720848083496094,0.32791516184806824
SCAN_0176,1,DEFERRED,UNCERTAIN,2,True,False,human_review_queue\deferral_SCAN_0176.png,0.7062550783157349,0.2937449514865875
SCAN_0177,0,AUTOMATED_PASS,0,1,True,False,automated_pass_audit\pass_SCAN_0177_pred0.png,0.8961400985717773,0.10385990142822266
SCAN_0178,1,DEFERRED,UNCERTAIN,2,True,False,human_review_queue\deferral_SCAN_0178.png,0.31580573320388794,0.6841942667961121
SCAN_0179,0,AUTOMATED_PASS,0,1,True,False,automated_pass_audit\pass_SCAN_0179_pred0.png,0.88316810131073,0.11683183908462524
SCAN_0180,0,DEFERRED,UNCERTAIN,2,True,False,human_review_queue\deferral_SCAN_0180.png,0.42873716354370117,0.5712628960609436
SCAN_0181,0,DEFERRED,UNCERTAIN,2,True,False,human_review_queue\deferral_SCAN_0181.png,0.6868352890014648,0.3131646513938904
SCAN_0182,0,DEFERRED,UNCERTAIN,2,True,False,human_review_queue\deferral_SCAN_0182.png,0.7208540439605713,0.2791459560394287
SCAN_0183,0,DEFERRED,UNCERTAIN,2,True,False,human_review_queue\deferral_SCAN_0183.png,0.7115165591239929,0.2884834110736847
SCAN_0184,0,DEFERRED,UNCERTAIN,2,True,False,human_review_queue\deferral_SCAN_0184.png,0.5324457287788391,0.4675543010234833
SCAN_0185,1,AUTOMATED_PASS,1,1,True,False,automated_pass_audit\pass_SCAN_0185_pred1.png,0.05632564797997475,0.9436743259429932
SCAN_0186,0,AUTOMATED_PASS,0,1,True,False,automated_pass_audit\pass_SCAN_0186_pred0.png,0.9048413038253784,0.09515871107578278
SCAN_0187,1,DEFERRED,UNCERTAIN,2,True,False,human_review_queue\deferral_SCAN_0187.png,0.4762735962867737,0.5237263441085815
SCAN_0188,1,DEFERRED,UNCERTAIN,2,True,False,human_review_queue\deferral_SCAN_0188.png,0.6580861210823059,0.3419139087200165
SCAN_0189,0,AUTOMATED_PASS,0,1,True,False,automated_pass_audit\pass_SCAN_0189_pred0.png,0.9144200682640076,0.08557989448308945
SCAN_0190,0,DEFERRED,UNCERTAIN,2,True,False,human_review_queue\deferral_SCAN_0190.png,0.6582586765289307,0.34174126386642456
SCAN_0191,1,AUTOMATED_PASS,1,1,True,False,automated_pass_audit\pass_SCAN_0191_pred1.png,0.26462605595588684,0.7353739738464355
SCAN_0192,1,AUTOMATED_PASS,1,1,True,False,automated_pass_audit\pass_SCAN_0192_pred1.png,0.1783551722764969,0.8216449022293091
SCAN_0193,1,AUTOMATED_PASS,1,1,True,False,automated_pass_audit\pass_SCAN_0193_pred1.png,0.12148287147283554,0.8785171508789062
SCAN_0194,0,DEFERRED,UNCERTAIN,2,True,False,human_review_queue\deferral_SCAN_0194.png,0.3840351402759552,0.6159648299217224
SCAN_0195,0,AUTOMATED_PASS,1,1,False,False,automated_pass_audit\pass_SCAN_0195_pred1.png,0.2224818617105484,0.7775182127952576
SCAN_0196,1,DEFERRED,UNCERTAIN,2,True,False,human_review_queue\deferral_SCAN_0196.png,0.6050316095352173,0.3949684500694275
SCAN_0197,0,DEFERRED,UNCERTAIN,2,True,False,human_review_queue\deferral_SCAN_0197.png,0.8085746169090271,0.1914254128932953
SCAN_0198,0,DEFERRED,UNCERTAIN,2,True,False,human_review_queue\deferral_SCAN_0198.png,0.6712222099304199,0.32877781987190247
SCAN_0199,1,AUTOMATED_PASS,1,1,True,False,automated_pass_audit\pass_SCAN_0199_pred1.png,0.12265320122241974,0.8773468732833862
SCAN_0200,1,DEFERRED,UNCERTAIN,2,True,False,human_review_queue\deferral_SCAN_0200.png,0.6470096111297607,0.3529903292655945
SCAN_0201,1,DEFERRED,UNCERTAIN,2,True,False,human_review_queue\deferral_SCAN_0201.png,0.48780784010887146,0.5121921896934509
SCAN_0202,0,AUTOMATED_PASS,0,1,True,False,automated_pass_audit\pass_SCAN_0202_pred0.png,0.8397723436355591,0.16022762656211853
SCAN_0203,0,AUTOMATED_PASS,0,1,True,False,automated_pass_audit\pass_SCAN_0203_pred0.png,0.9420126080513,0.05798744037747383
SCAN_0204,1,DEFERRED,UNCERTAIN,2,True,False,human_review_queue\deferral_SCAN_0204.png,0.5712195634841919,0.4287804067134857
SCAN_0205,1,DEFERRED,UNCERTAIN,2,True,False,human_review_queue\deferral_SCAN_0205.png,0.5883930325508118,0.41160690784454346
SCAN_0206,1,DEFERRED,UNCERTAIN,2,True,False,human_review_queue\deferral_SCAN_0206.png,0.6109253764152527,0.3890745937824249
SCAN_0207,1,DEFERRED,UNCERTAIN,2,True,False,human_review_queue\deferral_SCAN_0207.png,0.5373147130012512,0.4626852869987488
SCAN_0208,0,DEFERRED,UNCERTAIN,2,True,False,human_review_queue\deferral_SCAN_0208.png,0.5924913883209229,0.40750864148139954
SCAN_0209,1,DEFERRED,UNCERTAIN,2,True,False,human_review_queue\deferral_SCAN_0209.png,0.4423721730709076,0.5576278567314148
SCAN_0210,0,DEFERRED,UNCERTAIN,2,True,False,human_review_queue\deferral_SCAN_0210.png,0.5715585350990295,0.42844146490097046
SCAN_0211,0,DEFERRED,UNCERTAIN,2,True,False,human_review_queue\deferral_SCAN_0211.png,0.5686299204826355,0.4313701093196869
SCAN_0212,1,DEFERRED,UNCERTAIN,2,True,False,human_review_queue\deferral_SCAN_0212.png,0.710565447807312,0.2894345819950104
SCAN_0213,0,DEFERRED,UNCERTAIN,2,True,False,human_review_queue\deferral_SCAN_0213.png,0.7839584350585938,0.21604149043560028
SCAN_0214,0,DEFERRED,UNCERTAIN,2,True,False,human_review_queue\deferral_SCAN_0214.png,0.8379582166671753,0.16204172372817993
SCAN_0215,0,AUTOMATED_PASS,1,1,False,False,automated_pass_audit\pass_SCAN_0215_pred1.png,0.23660317063331604,0.7633967995643616
SCAN_0216,0,DEFERRED,UNCERTAIN,2,True,False,human_review_queue\deferral_SCAN_0216.png,0.46867114305496216,0.5313288569450378
SCAN_0217,1,DEFERRED,UNCERTAIN,2,True,False,human_review_queue\deferral_SCAN_0217.png,0.6019664406776428,0.3980335295200348
SCAN_0218,0,DEFERRED,UNCERTAIN,2,True,False,human_review_queue\deferral_SCAN_0218.png,0.8038239479064941,0.19617606699466705
SCAN_0219,0,DEFERRED,UNCERTAIN,2,True,False,human_review_queue\deferral_SCAN_0219.png,0.32502481341362,0.6749752163887024
SCAN_0220,1,DEFERRED,UNCERTAIN,2,True,False,human_review_queue\deferral_SCAN_0220.png,0.2875085473060608,0.7124914526939392
SCAN_0221,1,DEFERRED,UNCERTAIN,2,True,False,human_review_queue\deferral_SCAN_0221.png,0.3924996852874756,0.6075003147125244
SCAN_0222,0,DEFERRED,UNCERTAIN,2,True,False,human_review_queue\deferral_SCAN_0222.png,0.6120012402534485,0.3879987895488739
SCAN_0223,0,DEFERRED,UNCERTAIN,2,True,False,human_review_queue\deferral_SCAN_0223.png,0.5769725441932678,0.4230274558067322
SCAN_0224,0,DEFERRED,UNCERTAIN,2,True,False,human_review_queue\deferral_SCAN_0224.png,0.40973278880119324,0.5902671813964844
SCAN_0225,0,DEFERRED,UNCERTAIN,2,True,False,human_review_queue\deferral_SCAN_0225.png,0.3825191557407379,0.6174808144569397
SCAN_0226,1,DEFERRED,UNCERTAIN,2,True,False,human_review_queue\deferral_SCAN_0226.png,0.35264989733695984,0.6473500728607178
SCAN_0227,1,DEFERRED,UNCERTAIN,2,True,False,human_review_queue\deferral_SCAN_0227.png,0.33083391189575195,0.6691660284996033
SCAN_0228,1,DEFERRED,UNCERTAIN,2,True,False,human_review_queue\deferral_SCAN_0228.png,0.38968518376350403,0.6103147864341736
SCAN_0229,0,DEFERRED,UNCERTAIN,2,True,False,human_review_queue\deferral_SCAN_0229.png,0.29253578186035156,0.7074641585350037
SCAN_0230,0,DEFERRED,UNCERTAIN,2,True,False,human_review_queue\deferral_SCAN_0230.png,0.2952941060066223,0.7047059535980225
SCAN_0231,0,AUTOMATED_PASS,0,1,True,False,automated_pass_audit\pass_SCAN_0231_pred0.png,0.8474525213241577,0.1525474488735199
SCAN_0232,1,DEFERRED,UNCERTAIN,2,True,False,human_review_queue\deferral_SCAN_0232.png,0.7939944863319397,0.2060054987668991
SCAN_0233,0,DEFERRED,UNCERTAIN,2,True,False,human_review_queue\deferral_SCAN_0233.png,0.4784638285636902,0.5215361714363098
SCAN_0234,0,DEFERRED,UNCERTAIN,2,True,False,human_review_queue\deferral_SCAN_0234.png,0.44510194659233093,0.5548980236053467
SCAN_0235,0,AUTOMATED_PASS,0,1,True,False,automated_pass_audit\pass_SCAN_0235_pred0.png,0.8715331554412842,0.12846677005290985
SCAN_0236,0,DEFERRED,UNCERTAIN,2,True,False,human_review_queue\deferral_SCAN_0236.png,0.6156347990036011,0.3843652307987213
SCAN_0237,0,DEFERRED,UNCERTAIN,2,True,False,human_review_queue\deferral_SCAN_0237.png,0.5070099234580994,0.492990106344223
SCAN_0238,1,DEFERRED,UNCERTAIN,2,True,False,human_review_queue\deferral_SCAN_0238.png,0.4086031913757324,0.5913968086242676
SCAN_0239,1,DEFERRED,UNCERTAIN,2,True,False,human_review_queue\deferral_SCAN_0239.png,0.57822185754776,0.42177814245224
SCAN_0240,0,DEFERRED,UNCERTAIN,2,True,False,human_review_queue\deferral_SCAN_0240.png,0.5690630674362183,0.43093693256378174
SCAN_0241,0,DEFERRED,UNCERTAIN,2,True,False,human_review_queue\deferral_SCAN_0241.png,0.6221094727516174,0.37789052724838257
SCAN_0242,0,DEFERRED,UNCERTAIN,2,True,False,human_review_queue\deferral_SCAN_0242.png,0.5694577693939209,0.4305422306060791
SCAN_0243,0,DEFERRED,UNCERTAIN,2,True,False,human_review_queue\deferral_SCAN_0243.png,0.5219287872314453,0.4780712127685547
SCAN_0244,1,DEFERRED,UNCERTAIN,2,True,False,human_review_queue\deferral_SCAN_0244.png,0.46413514018058777,0.5358648300170898
SCAN_0245,0,DEFERRED,UNCERTAIN,2,True,False,human_review_queue\deferral_SCAN_0245.png,0.5507567524909973,0.4492432475090027
SCAN_0246,1,DEFERRED,UNCERTAIN,2,True,False,human_review_queue\deferral_SCAN_0246.png,0.30771005153656006,0.6922899484634399
